Workbook

Sheet ELABORACION
B1: Lunes | D1: Martes | F1: Miércoles | H1: Jueves | J1: Viernes
B2: 16 | D2: 17 | F2: 18 | H2: 19 | J2: 20
B3: Febrero | D3: Febrero | F3: Febrero | H3: Febrero | J3: Febrero
B4: CRISTIAN
F5: LAB ONCE | H5: NIZA | J5: THELMA Y LOUISE
F6: SERUM AH+NIA | H6: MIXOLOGI INFLAMADA | J6: CREMA CHERRY
F7: 55KG | H7: 95KG | J7: 265KG TOTAL
H8: MIXOLOGI DESVITAL
F9: ALL BEAUTY | H9: 95KG | J9: JACTANS
F10: SERUM AH | H10: MIXOLOGI DESHIDRATADA | J10: AGUA MIC BIFASICA
F11: 33kg | H11: 95KG | J11: 130KG
B13: NICOLAS
F14: WSABI | H14: ALL BEAUTY | J14: THELMA Y LOUISE
F15: SERUM TENSOR 17KG (NUEVA FORMULA) | H15: CREMA DE ORDEÑE | J15: AGUA TERMAL 320KG
H16: 450KG | J16: TATWO
J17: LOCION PIERCING 50KG
F18: NATCEUTICALS | H18: ORIGINIAL BLACK
F19: GEL LIMPIEADOR 45KG | H19: AFTER COOL WATER
F20: EMULSION LIMPIEZA 45KG | H20: 800
B24: Lunes | D24: Martes | F24: Miércoles | H24: Jueves | J24: Viernes
B25: 23 | D25: 24 | F25: 25 | H25: 26 | J25: 27
B26: Febrero | D26: Febrero | F26: Febrero | H26: Febrero | J26: Febrero
B27: CRISTIAN
B28: ALL BEAUTY | D28: INTENCIONAL | F28: BL COSMETICS | H28: THE CHEMIST LOOK | J28: CAV
B29: CREMA HIDRATANTE | D29: CREMA DE ORDEÑE | F29: ALISADO EXPERT | H29: SERUM VITAMINA C 50KG | J29: SHAMPOO 420KG
B30: 55KG | D30: 530KG | F30: 680KG (hay sorante ver) | H30: SERUM NIACI 55KG
B31: MERMER | F31: ALISADO KERATIN 310KG
B32: SERUM CAPILAR 44KG | H32: SARAC
B33: RHIFT | D33: THE CHEMIST LOOK | H33: FRACCIONADO BUTTER
B34: SERUM DESPIG 22KG | D34: SERUM HYALU 40KG
B36: NICOLAS
B37: LURE | D37: ALL BEAUTY | F37: SARAC | H37: DEL ARCA BOTANICA
B38: GOLD MASK 70KG | D38: OLEO 30+1 12KG | F38: FRACCIONADO SUGAR | H38: SH FORTALECEDOR
B39: WSABI | D39: KALA | H39: 25KG
B40: SERUM INTIMO 10kg | D40: AGUA DE ROSAS 65KG | F40: MERMER | H40: CAV
B41: SARAC | D41: BIOESENCIA | F41: LOCION CAPILAR 44KG | H41: ACONDICIONADOR 100KG | J41: TYL
B42: CREMA EXF DAMAZCO | D42: CREMA BABA CARACOL | J42: SERUM ANTIAGE 70KG
B43: 20KG | D43: 55KG | J43: SERUM DESCONG 70KG
B47: Lunes | D47: Martes | F47: Miércoles | H47: Jueves | J47: Viernes
B48: 2 | D48: 3 | F48: 4 | H48: 5 | J48: 6
B49: Marzo | D49: Marzo | F49: Marzo | H49: Marzo | J49: Marzo
B50: CRISTIAN
B51: DISNEY | D51: OSSPRET | F51: CAV | H51: WSABI | J51: OLANN
B52: ESPUMA BAÑO 140kg | D52: CREMA DE ORDEÑE | F52: SHAMPOO 420KG | H52: TONICO EQUILIBRIO 220KG | J52: CREMA DIA 9KG
B53: DISNEY | D53: 300KG | J53: CREMA NOCHE 9KG
B54: SHAMPOO 140KG | D54: homogenea y ver color! | F54: LAB ONCE | H54: TYL | J54: UNICA
B55: BL COSMETICS | F55: SERUM ALBA 10KG | H55: SERUM BIFASICO JOJOBA | J55: CREMA CORPORAL
B56: ALISADO EXPERT | H56: SERUM BIFASICO BLUEBERRY | J56: KARITE 150KG
B57: ALISADO KERATIN | H57: 100KG C/U
B59: NICOLAS
D60: TSU | F60: TSU | H60: WSABI | J60: UNICA
D61: CR SECRETO VAINI 5KG | F61: CR DE MANOS 50KG | H61: LECHE DE LIMPIEZA 100KG | J61: CREMA ENERO 50KG
B62: PROF BEAUTY | D62: CR SECRET MELON 10KG | F62: CR EXF MANOS 17KG | H62: CONTORNO DE OJOS 10KG
B63: GEL NEUTRO 260KG | F63: THE CHEMIST LOOK
B64: CAV | D64: BIOESENCIA | F64: PIGMENT PROTOCOL | H64: THE GLOW FACTOR | J64: TSU
B65: SERUM VITAMIN 10KG | D65: UNGUENTO PORPOLEO | F65: 70KG | H65: CREMA CLARITE 35KG | J65: GEL AKI 75KG
B66: INTENCIONAL | D66: 75KG | F66: MERMER | J66: Hay sobrante
B67: CREMA ORDEÑE | F67: SERUM CAPILAR 45kg
F68: LOCION CAPILAR 45kg
B71: Lunes | D71: Martes | F71: Miércoles | H71: Jueves | J71: Viernes
B72: 9 | D72: 10 | F72: 11 | H72: 12 | J72: 13
B73: Marzo | D73: Marzo | F73: Marzo | H73: Marzo | J73: Marzo
B74: CRISTIAN
B75: AGUAZU | D75: WSABI | F75: CAV | H75: NICOLE NEUMANN | J75: OLANN
B76: ESPUMA DE BAÑO 195kg | D76: SERUM VIT C 10KG | F76: MASCARA CAPILAR 220kg | H76: BRUMA FACIAL 80KG | J76: BRUMA FACIAL 30KG
H77: CREMA CORPORAL 100KG | J77: CAV
B78: LIORA | D78: CRISLY | F78: OLANN | J78: SHAMPOO 88KG
B79: CREMA PARA RULOS 55KG | D79: CREMA AVENA | F79: SERUM AH 10KG | J79: Con frag CALVIN KLEIN
B80: CAV | D80: 260KG | J80: BIOESENCIA
B81: SHAMPOO 420KG | J81: TONICO VEGAN 130KG
B83: NICOLAS
B84: BIOESENCIA | D84: ECODERM | F84: THE CHEMIST LOOK | H84: ALCOHOL EN GEL
B85: CREMA FACIAL VEGAN 55KG | D85: BALSAMO HERBAL 10KG | F85: PIGMENT PROTOCOL 65KG | H85: FRACCIONAR VAINILLA 50KG
B86: BRUMA ORIGENES 130KG | D86: ACONDICIONADOR DUGA 40KG | H86: LAB ONCE | J86: ALCOHOL TYL
D87: OLANN | H87: SERUM AH 50KG | J87: FRACCIONAR COCO
B88: TYL | D88: CONTORNO DE OJOS 10KG | H88: CAV | J88: LAB ONCE
B89: SERUM BIFASICO ROSAS | D89: PLANTAE | F89: PLANTAE | H89: CRISTAL LIQUIDO 60KG | J89: SERUM AC GLICOLIC 17KG
B90: SERUM BIFASICO PEPINO | D90: SH SOLIDO HENNA 50KG | F90: SH SOLIDO KARITE 50KG | H90: NE | J90: CAV
B91: 100KG C/U | H91: CREMA NOCHE 33KG | J91: ACONDICIONADOR 88KG
J92: Con frag CALVIN KLEIN
B95: Lunes | D95: Martes | F95: Miércoles | H95: Jueves | J95: Viernes
B96: 16 | D96: 17 | F96: 18 | H96: 19 | J96: 20
B97: Marzo | D97: Marzo | F97: Marzo | H97: Marzo | J97: Marzo
B98: CRISTIAN
B99: CAV | D99: THELMA Y LOUISE | F99: AGUEDA REY-ALMA HAIR | H99: CAV
B100: Rebond C-Plex CAV 110kg | D100: ALCOHOL EN GEL 200KG | F100: ACONDIC CEBOLLA | H100: CREMA VITAMIN SHOCK 110KG
B101: Finishing C-Plex CAV 210kg | F101: 350kg
B102: BIOESENCIA | D102: BIOESENCIA | F102: MERMER | H102: WSABI
B103: EMULSION PROBIOTIC 210kg | D103: BAÑO BE VEGAN 260KG | F103: SERUM CAPILAR 45KG | H103: CREMA HID LIGERA 27KG
B104: SARAC | D104: BOR | F104: JACTANS
B105: BODY BUTTER SANDIA 20KG | D105: SERUM ANTIOX 17KG | F105: AGUA MICELAR BIFASICA 110KG
B106: SUGAR CANDY 20KG
B107: NICOLAS
B108: PROF BEAUTY | D108: ICONO | F108: NIZA | H108: PROF BEAUTY
B109: SERUM AH 1% 6KG | D109: MASCARA PAPAYA | F109: CLEAR ACNE LOTION 27kg | H109: BASE SERUM 36KG
B110: UNICA | D110: 800KG | F110: SIGNATURE AGE REVERSE
B111: ARREGLAR CREMAS X2 | F111: 17KG | J111: PROF BEAUTY
B112: JACTANS | D112: ICONO | F112: JACTANS | J112: FRACCIONAR
B113: AGUA MICELAR 110KG | D113: CREMA TENSRORA 110KG | F113: BRUMA FIJADORA 85KG
B114: DESMAQ BIFASICO 165KG
...

Sheet ACONDICIONAMIENTO
B1: Lunes | D1: Martes | F1: Miércoles | H1: Jueves | J1: Viernes
B2: 16 | D2: 17 | F2: 18 | H2: 19 | J2: 20
B3: Febrero | D3: Febrero | F3: Febrero | H3: Febrero | J3: Febrero
D4: ENVASADO CONSUMO MASIVO
F5: CAV | H5: BIOESENCIA | J5: ORIGINAL BLACK
F6: SHAMPOO X400ML resto | H6: SHAMPOO BABAY | J6: AFTER SHAVE AQUA
F7: CONDITIONER X400 100 | H7: 500 x250ml | J7: 3500
F9: THELMA Y LOUISE | H9: BIOESENCIA | J9: BIOESENCIA
F10: EXFOLIANTE ARROZ | H10: SERUM PROBIOTICS | J10: SERUM ORIGINES
F11: 6400 | H11: 1000x30ml | J11: 1600x30ml
F13: ORIGINAL BLACK | H13: ORIGINAL BLACK | J13: ORIGINAL BLACK
F14: AFTER SHAVE AQUA | H14: AFTER SHAVE AQUA | J14: AFTER SHAVE AQUA
F15: 3500 | H15: 3500 | J15: 3500
D16: ENVASADO PRODUCTOS PREMIUN
F20: TMCO | H20: ALL BEAUTY | J20: LABORATORIO ONCE
F21: MILKY TONER | H21: SERUM AH 1000x30ml | J21: SERUM AH + NIA
F22: 900 x100ml | J22: 1653 x30ml
B26: Lunes | D26: Martes | F26: Miércoles | H26: Jueves | J26: Viernes
B27: 23 | D27: 24 | F27: 25 | H27: 26 | J27: 27
B28: Febrero | D28: Febrero | F28: Febrero | H28: Febrero | J28: Febrero
D29: ENVASADO CONSUMO MASIVO
B30: NIZA | D30: JACTANS | F30: TYL | H30: ALL BEAUTY | J30: ALL BEAUTY
B31: MOXOLOGI X3 | D31: AGUA MICELAR BIFASICA | F31: CREMA BIFASICA CHERRY | H31: CREMA DE ORDEÑE | J31: CREMA DE ORDEÑE
B32: 300 C/U x300ml | D32: 1000x105ml | F32: 1640 | H32: 1500x300ml | J32: 1500x300ml
B34: ORIGINAL BLACK | D34: ALL BEAUTY | F34: TYL | H34: LURE | J34: THELMA Y LOUISE
B35: AFTER SHAVE COOL WAT | D35: CREMA HIDRATANTE | F35: CREMA BIFASICA CHERRY | H35: GOLD MASK | J35: AGUA TERMAL
B36: 2000 | D36: 1000 x50ml | F36: 1640 | H36: 600x100ml | J36: 2940 x100ml
J37: YOUTHFUL VIDEOS!!
B38: ORIGINAL BLACK | D38: ALL BEAUTY | F38: TATWO | H38: DEL ARCA BOTANICA | J38: AGUEDA REY- YOUTHFUL
B39: AFTER SHAVE COOL WAT | D39: OLEO 30+1 1000X10ML | F39: LOCION PARA PIERCING | H39: SH SOLIDO FORTALECEDOR | J39: BRUMA FACIAL
B40: 2000 | F40: 1500 x30ml | J40: 1000 x125ml / 1000x75ml
D41: VIDEOS NATCEUTCALS!! | F41: ENVASADO PRODUCTOS PREMIUN
B42: RHIFT | D42: NATCEUTICALS | F42: RHIFT
B43: VACIADO 400 | D43: LIMPIADORA 200x200ml | F43: SERUM DESPIGMENTANTE 400
D44: GEL LIMPIADOR 200x200ml
B45: LABORATORIO ONCE | F45: AGUEDA REY- YOUTHFUL | H45: AGUEDA REY- YOUTHFUL | J45: THE CHEMIST LOOK
B46: VACIADO | F46: CREMA DIA 1000x50 | H46: SERUM RETINOL 1000x30ml | J46: SERUM HYALU 2400x15ml
B47: SERUM ACIDO GLICOLICO | F47: SERUM AH 1000x30ml | H47: SERUM VIT C 1000x30ml
F48: HACER VIDEOS DE YOUTHFUL!!
B51: Lunes | D51: Martes | F51: Miércoles | H51: Jueves | J51: Viernes
B52: 2 | D52: 3 | F52: 4 | H52: 5 | J52: 6
B53: Marzo | D53: Marzo | F53: Marzo | H53: Marzo | J53: Marzo
D54: ENVASADO CONSUMO MASIVO
B55: THELMA Y LOUISE | D55: INTENCIONAL | F55: INTENCIONAL | H55: BL COSMETICS | J55: BL COSMETICS
B56: AGUA TERMAL | D56: CREMA DE ORDEÑE | F56: CREMA DE ORDEÑE | H56: ALISADO EXPERT 500x300ml | J56: ALISADO KERATIN
B57: 2940 x100ml | D57: 2000 x250ml | F57: 2000 x250ml | H57: ALISADO EXPERT 500x1KG | J57: 1000 X300ml
B59: BIOESENCIA | D59: DISNEY | F59: DISNEY ESPUMA | H59: DISNEY SHAMPOO | J59: TSU POMOS
B60: LABORATORIO ONCE | D60: ESPUMA DE BAÑO | F60: DISNEY | H60: BIOESENCIA (POMO) | J60: GLE AKI 750
B61: GEL UNIESFERAS VIT C | D61: 3000x45ml | F61: SHAMPOO 3000x45ml | H61: UNGUENTO PROPOLEO 1000 | J61: CREMA DE MANOS 450
B62: 2000 x50ml
B63: BOTIK SH SOLIDO PRUEBA | D63: THELMA Y LOUISE | F63: THELMA Y LOUISE | H63: HEBURN | J63: CRISLY
B64: KALA AGUA DE ROSAS | D64: SERUM ANTIAGE | F64: SERUM DESCONGESTIVO | H64: BRUMA FIJADORA | J64: AGUA MICELAR 770x200ml
B65: 650 x90ml | D65: 2100 x30ml | F65: 2100 x30ml | H65: 600 x125ml | J65: Hay que vaciar 300
D66: ENVASADO PRODUCTOS PREMIUN
B70: THE CHEMIST LOOK | D70: WSABI | F70: THE CHEMIST LOOK | H70: DERMION (FRANCO) | J70: CAV
B71: SERUM NIACI 3500x15ml | D71: SERUM HID TENSOR 500 | F71: SERUM VIT C 3000x15ml | H71: SERUM NIACI 500x30ml | J71: SERUM VITAMIN SHOCK 300
D72: SERUM INTIMO 300
B76: Lunes | D76: Martes | F76: Miércoles | H76: Jueves | J76: Viernes
B77: 9 | D77: 10 | F77: 11 | H77: 12 | J77: 13
B78: Marzo | D78: Marzo | F78: Marzo | H78: Marzo | J78: Marzo
D79: ENVASADO CONSUMO MASIVO
B80: PROF BEAUTY | D80: CAV | H80: CRISLY
B81: GEL NEUTRO | D81: ACOND 100x900ml | H81: CREMA AVENA
B82: 500 x500g | D82: SHAMPOO 200x900ml | H82: 500x500g
M83: LUIS
B84: TSU POMOS | D84: TSU POMOS | F84: WSABI | H84: AGUAZU | J84: CAV | M84: ALCOHOL FRUTOS ROJOS 2000
B85: CREMA EXF 150 | D85: SECRETO MELON 300 | F85: TONICO EQUILIBRIO 1000x200 | H85: BALSAMO HERBAL 300x30ml | J85: CRISTAL LIQUIDO 250x30ml | M85: ALCOHOL SANDIA 6000
B86: SECRETO VAINILLA 100 | H86: Etiquetar! | J86: PROTECTOR C-PLEX 300x150 | M86: ALCOHOL DURAZNO 2000
B88: TYL | D88: PLANTAE | F88: PLANTAE | H88: BIOESENCIA | J88: TYL
B89: SERUM BIFASICO BLUEBERRY | D89: SH SOLIDO HENNA | F89: SH SOLIDO KARITE | H89: CREMA VEGAN | J89: ALCOHOL EN GEL 6000
B90: 3024x30ml | D90: 600x80g | F90: 600x80g | H90: 1000x50ml | J90: FARMACITY CHICLEx25g
D91: ENVASADO PRODUCTOS PREMIUN
B95: COSMECEUTICALS | D95: THE GLOW FACTOR | F95: WSABI | H95: OLANN | J95: CAV
B96: CR OJERAS Y BOLSAS | D96: CR CLARITE 1000x30ml | F96: CONTORNO DE OJOS 480x15ml | H96: CREMA DIA 250x30ml | J96: MASCARA CAPILAR
B97: 550 X30ml | D97: WSABI | F97: SERUM VIT C 300x30ml | H97: CREMA NOCHE 250x30ml | J97: 700x300ml
D98: LECHE DE LIMPIEZA 500x200ml | H98: OLANN | J98: Se etiqueta aca
D99: CAV SERUM 300x30ml | H99: CONTORNO DE OJOS 250x30
B101: Lunes | D101: Martes | F101: Miércoles | H101: Jueves | J101: Viernes
B102: 16 | D102: 17 | F102: 18 | H102: 19 | J102: 20
B103: Marzo | D103: Marzo | F103: Marzo | H103: Marzo | J103: Marzo
D104: ENVASADO CONSUMO MASIVO
B105: AGUAZU | D105: CAV | F105: BIOESENCIA | H105: CAV | J105: BIOESENCIA
B106: 400x200cc Adulto y Ballena | D106: SHAMPOO MAXLISS | F106: EMULSION PROBIOTICS | H106: FINISHING C-PLEX 400x500ml | J106: BAÑO BE VEGAN
B107: 200x500cc Adulto y Ballena | D107: CONDIT MAXLISS | F107: 1000x200ml | H107: REBOND C-PLEX 200x500ml | J107: 1000x250ml
B108: Restante en bidon!! | D108: 200 x400ml c/u | H108: ETIQUETAR E MASIVO
B109: TYL | D109: TYL | F109: THELMA Y LOUISE | H109: DUGA | J109: THELMA Y LOUISE SERUM BIFASICO PEPINO 3024x30ml
B110: ALCOHOL EN GEL 6000 | D110: ALCOHOL EN GEL 6000 | F110: ALCOHOL EN GEL CHICLE TYL | H110: ACONDICI 500x125ml
B111: FARMACITY CHICLEx25g | D111: FARMACITY CHICLEx25g | F111: 2000X25G FRUTILLA | H111: Etiquetar E masivo
B113: BIOESENCIA | D113: BIOESENCIA | F113: JACTANS | H113: THELMA Y LOUISE
B114: BRUMA ORIGENES | D114: TONICO VEGAN 1000x125ml | F114: DESMAQ BIFASICO JS-737 | H114: SERUM BIFASICO ROSAS
B115: 1000X125ML | D115: OLANN BRUMA 250x100ml | F115: 1500 x105ml | H115: 3024x30ml
D116: ENVASADO PRODUCTOS PREMIUN
D117: NE | F117: OLANN | H117: ETIQUETAR:
D118: BRUMA FACIAL 500x150ml | F118: SERUM AH 250x30ml | H118: NE / HEBURN / CAV X900ML
H119: / AGUAZU
B120: THE CHEMIST LOOK | D120: NE | F120: LAB ONCE | H120: BOR | J120: ICONO
B121: BOOTER MANCHAS 5ML | D121: CREMA NOCHE 500x30ml | F121: SERUM AH | H121: SERUM ANTIOXIDANTE 500 | J121: CREMA TENSORA X50ML
B122: BOOSTER MANCHAS 30ML | D122: CREMA CORP 500x150ml | F122: 1500x30ml | J122: 2000
B123: 600x5ml/2000X30ml | F123: SERUM GLIOLICO 500x30ml | J123: OLANN
J124: CREMA NOCHE 250X30ML
...

Sheet ENTREGAS
B1: FECHA | C1: CLIENTE | D1: PRODUCTO | E1: CANTIDAD
B2: 46072 | C2: TSU | D2: SERUMS X3 | E2: 300
B3: 46073 | C3: OCEAN SKIN | D3: SERUM HIDRATANTE | E3: 500
B4: 46076 | C4: JACTANS-DISNEY | D4: PERFUME REY LEON 5ML | E4: 1000
B5: 46077 | C5: TMCO | D5: MILKY TONER | E5: 900
B6: 46077 | C6: BIOESENCIA | D6: SERUM ORIGENES | E6: 1600
B7: 46077 | C7: BIOESENCIA | D7: SERUM PROBIOTICS | E7: 1000
B8: 46077 | C8: BIOESENCIA | D8: SHAMPOO BABY | E8: 500
B9: 46078 | C9: NIZA | D9: MIXOLOGY X3 | E9: 900
C10: NATCEUTICALS | D10: GEL + EMULSION DE LIMP | E10: 400
B11: 46079 | C11: ALL BEAUTY | D11: SERUM AH | E11: PARCIAL
B12: 46079 | C12: ALL BEAUTY | D12: CREMA HIDRATANTE | E12: PARCIAL
B13: 46080 | C13: RHIFT | D13: SERUM DESPIGMENTANTE | E13: 400
B14: 46080 | C14: BOR | D14: CREMA VITAMINADA | E14: 150
B15: 46080 | C15: LURE | D15: GOLD MASK | E15: 600
B16: 46080 | C16: JACTANS | D16: AGUA MICELAR BIFASICA | E16: 1000
B17: 46080 | C17: TSU | D17: SERUMS X3 | E17: 3000
B18: 46080 | C18: CAV | D18: SHAMPOO | E18: 22
B19: 46080 | C19: CAV | D19: ACONDICIONADOR | E19: 200
B20: 46084 | C20: LAB ONCE | D20: SERUM AH + NIA | E20: 1600
B21: 46084 | C21: TATWO | D21: LOCION PARA PIERCING | E21: 1500
B22: 46086 | C22: YOUTHFUL | D22: SERUMS X3 | E22: 3000
B23: 46086 | C23: YOUTHFUL | D23: BRUMAS X2 | E23: 2000
B24: 46086 | C24: YOUTHFUL | D24: CREMA DIA | E24: 1000
... B51: 46094 | C51: TYL | D51: SERUM BIFASICO BLUEBERRY | E51: 3024
B52: 46094 | C52: TYL | D52: ALCOHOL EN GEL SANDIA | E52: PARCIAL
B53: 46094 | C53: TYL | D53: ALCOHOL EN GEL CHICLE | E53: PARCIAL
B54: 46094 | C54: CAV | D54: SHAMPOO / CONDITIONER KG | E54: 300
B55: 46094 | C55: CAV | D55: SERUM VITAMIN SHOCK | E55: 300
B56: 46094 | C56: CAV | D56: MASCARA VITAMIN SHOCK | E56: PARCIAL
B57: 46097 | C57: LAB ONCE | D57: GEL UNIESFERAS VIT C | E57: 2000
B58: 46097 | C58: TGF | D58: CREMA CLARITÉ | E58: 1000
B59: 46098 | C59: COSMECEUTICALS | D59: REPARADOR DE OJERAS | E59: 550
B60: 46098 | C60: BIOESENCIA | D60: CREMA VEGAN | E60: 1000
B61: 46098 | C61: BIOESENCIA | D61: BRUMA ORIGENES | E61: 1000
B62: 46099 | C62: CRISLY | D62: CREMA AVENA | E62: 300
B63: 46098 | C63: PROF BEAUTY | D63: GEL NEUTRO | E63: 500
B64: 46099 | C64: WSABI | D64: TONICO CORPORAL | E64: 1000
B65: 46099 | C65: WSABI | D65: SERUM VITAMINA C | E65: 300
B66: 46099 | C66: WSABI | D66: CONTORNO DE OJOS | E66: 480
B67: 46099 | C67: WSABI | D67: LECH DE LIMPIEZA | E67: 500
B68: 46099 | C68: WSABI | D68: DEVOLUCION TODOS ENVASES
B69: 46101 | C69: UNICA | D69: CREMA ENEBRO | E69: 500
B70: 46101 | C70: UNICA | D70: CREMA KARITE | E70: 500
B71: 46101 | C71: ECODERM | D71: BALSAMO HERBAL AGUAZU | E71: 300
B72: 46101 | C72: ECODERM | D72: ESPUMAS AGUAZU | E72: 600
B73: 46101 | C73: CAV | D73: C-PLEX REBOND PASO 1 | E73: 500
B74: 46101 | C74: CAV | D74: FINISHING C-PLEX PASO 2 | E74: 500
B75: 46101 | C75: CAV | D75: SHAMPOO MAXLISS | E75: 200
B76: 46101 | C76: CAV | D76: ACOND MAXLISS | E76: 200
B77: 46101 | C77: NE | D77: CREMA NOCHE | E77: 500
B78: 46101 | C78: NE | D78: CREMA CORPORAL | E78: 500
B79: 46101 | C79: NE | D79: BRUMA FACIAL | E79: 500
B80: 46101 | C80: LAB ONCE | D80: SERUM ACIDO GLICOLICO | E80: 500
B81: 46101 | C81: LAB ONCE | D81: SERUM AH CONCENTRADO | E81: PARCIAL
B82: 46101 | C82: TYL | D82: ALCOHOL EN GEL CHICLE | E82: 5300
B83: 46101 | C83: TYL | D83: ALC GEL VAINILLA/COCO | E83: 4000
B84: 46101 | C84: TYL | D84: SERUM BIFASICO JOJOBA | E84: 3000
B85: 46101 | C85: JACTANS | D85: DESMAQUILLANTE BIFASICO | E85: 1500
B86: 46101 | C86: TCL | D86: SERUM MANCHAS | E86: 2600
B87: 46107 | C87: UNICA | D87: CREMA ENEBRO | E87: 500
B88: 46107 | C88: UNICA | D88: CREMA HUMECTANTE KARITE | E88: 500
B89: 46108 | C89: JACTANS | D89: AGUA MICELAR BIFASICA | E89: 1000
B90: 46108 | C90: JACTANS | D90: BRUMA FACIAL | E90: 1500
B91: 46108 | C91: PLANTAE | D91: PARCIAL DE SH SOLIDO X2 | E91: 200
B92: 46108 | C92: DUGA | D92: ACONDICIONADOR INFANTIL | E92: 300
B93: 46111 | C93: BOR | D93: SERUM VIT C | E93: 500
... B118: 46119 | C118: LAB ONCE | D118: SERUM AH CONCENTRADO | E118: 1000
B119: pendiente | C119: TIERRAS DEL VOLCAN | D119: EMULSION DE LIMPIEZA | E119: 1000
B120: 46125 | C120: TYL | D120: ALCOHOL CHICLE FARMACITY | E120: 5000
B121: 46125 | C121: TYL | D121: AGUA DE ROSAS | E121: 5000
B122: 46127 | C122: ORIGINAL BLACK | D122: AFTER VERDE | E122: 200
B123: 46127 | C123: ORIGINAL BLACK | D123: POMADA MATE | E123: 2400
B124: 46127 | C124: ORIGINAL BLACK | D124: POMADA RED | E124: Parcial
B125: 46127 | C125: LUCENT | D125: BB LIPS NATURAL | E125: 500
B126: 46127 | C126: TYL | D126: SANITIZANTE COCO (sin etiq) | E126: 7000
B127: 46127 | C127: TYL | D127: ALCOHOL EN GEL SANDIA | E127: 6000
B128: 46127 | C128: TYL | D128: AGUA MIC BIFASICA | E128: 4000
B129: 46127 | C129: COSMECEUTICALS | D129: SERUM DEEP | E129: 500
B130: 46127 | C130: COSMECEUTICALS | D130: SERUM VIT C | E130: 500
B131: 46127 | C131: COSMECEUTICALS | D131: CREMA PDRN | E131: 500
B132: 46127 | C132: COSMECEUTICALS | D132: CREMA ABSOLUTE READIANCE | E132: 500
B133: 46129 | C133: TYL | D133: SANITIZANTE VAMOR ARG | E133: 2000
B134: 46129 | C134: TYL | D134: SANITIZANTE CORONADOS | E134: 2000
B135: 46129 | C135: CAV | D135: SHAMPOO BIONIC | E135: 250
B136: 46129 | C136: CAV | D136: ACOND BIONIC | E136: 250
... B151: 46136 | C151: TYL | D151: SANITIZANTES FRAMBUESA | E151: 7000
B152: 46136 | C152: TYL | D152: SANITIZANTE VAMOS ARG | E152: LO MAX
B153: 46136 | C153: TYL | D153: SANITIZANTE CORONADOS | E153: LO MAX
B154: 46136 | C154: TYL | D154: AGUA MICELAR BIFASICA | E154: 3800
B155: 46136 | C155: TYL | D155: ALCOHOL EN GEL ARG | E155: 2000
B156: 46136 | C156: TYL | D156: ALCOHOL EN GEL CORONADOS | E156: 2000
B157: 46136 | C157: TCL | D157: EXFOLIANTE GA | E157: 1000
B158: 46136 | C158: DERMION | D158: SERUM AH + NIA | E158: 700
B159: 46139 | C159: AGUEDA REY EPICA | D159: SHAMPOO NEUTRO | E159: 1600
B160: 46139 | C160: JACTANS | D160: PERFUME STITCH | E160: 2000
B161: 46139 | C161: TCL | D161: SERUM HYALU 30ML | E161: 1000
B162: 46139 | C162: TCL | D162: SERUM NIACI 30ML | E162: 1000
B163: 46141 | C163: BL COSMETICS | D163: GEL ANTIFRIZZ | E163: 3000
B164: 46140 | C164: FOLIMETTO | D164: LOCION CAPILAR | E164: 1000
...

Sheet QACONDDIA
B2: FEBRERO 2026
B3: FECHA | C3: PRODUCTO | D3: CANTIDAD | E3: RESPONSABLE
B4: 46071 | C4: TMCO MILKY TONER | D4: 902
C5: CAV ACONDICIONADOR | D5: 160 | E5: JOAQUIN
C6: CAV SHAMPOO | D6: 150 | E6: JOAQUIN
C7: TYL EXFOLIANTE ARRZ | D7: 1258 | E7: NICOLAS M
C8: BIOESENCIA SHAMPOO BABY | D8: 486 | E8: JOAQUIN
B9: 46072 | C9: TYL EXFOLIANTE ARRZ | D9: 401 | E9: JOAQUIN
C10: BIOESENCIA SERUM PROBIOTICS | D10: 1001 | E10: JOAQUIN
C11: BIOSENCIA SERUM ORIGENES | D11: 300 | E11: JOAQUIN
B12: 46073 | C12: BIOSENCIA SERUM ORIGENES | D12: 1100 | E12: JOAQUIN
C13: F.ONCE SERUM HIAL-NIACINAMIDA | D13: 1552
C14: NIZA MIXOLOGY INFLAMADA | D14: 300 | E14: JOAQUIN
C15: ORIGINAL BLACK AFTER SHAVE AZUL | D15: 500 | E15: NICOLAS M
B16: 46076 | C16: ORIGINAL BLACK AFTER SHAVE AZUL | D16: 600 | E16: NICOLAS M
C17: NIZA MIXOLOGY DEVITALIZADA | D17: 300 | E17: JOAQUIN
C18: NIZA MIXOLOGY SENSIBLE Y ACT | D18: 300 | E18: JOAQUIN
C19: ORIGINAL BLACK AFTER SHAVE VIOLETA | D19: 944 | E19: NICOLAS M
C20: ORIGINAL BLACK AFTER SHAVE VIOLETA | D20: 1000 | E20: AGUSTINA H
C21: ORIGINAL BLACK AFTER SHAVE AZUL | D21: 500 | E21: AGUSTINA H
B22: 46077 | C22: JACTANS AGUA BIFASICA | D22: 384 | E22: AGUSTINA H
C23: ALL BEAUTY CREMA HIDRATANTE | D23: 1000 | E23: JOAQUIN
C24: ALL BEAUTY OLEO 30+1 | D24: 997 | E24: NICOLAS M
C25: TATWO LOCION PIRCING | D25: 1200 | E25: AGUSTINA H
C26: YOUTHFUL SERUM HYDRA | D26: 954 | E26: NICOLAS Y
C27: YOUTHFUL SERUM VIT C | D27: 1074 | E27: NICOLAS Y
B28: 46078 | C28: TYL CREMA BIFASICA | D28: 1073 | E28: JOAQUIN
C29: TYL CREMA BIFASICA | D29: 1073 | E29: NICOLAS M
C30: JACTANS AGUA BIFASICA | D30: 1011 | E30: AGUSTINA H
C31: RHIFT SERUM DESPIGMENTANTE | D31: 346 | E31: NICOLAS Y
C32: NATCEUTICALS GEL LIMPIADOR | D32: 200 | E32: NICOLAS Y
C33: NATCEUTICALS CREMA DE LIMPIEZA | D33: 197 | E33: NICOLAS Y
C34: YOUTHFUL GLOW CREMA DIA | D34: 200 | E34: AGUSTINA H
C35: YOUTHFUL BRUMA FACIAL 125 | D35: 450 | E35: AGUSTINA H
B36: 46079 | C36: TYL CREMA BIFASICA | D36: 156 | E36: NICOLAS M
C37: TYL CREMA BIFASICA | D37: 156 | E37: JOAQUIN
C38: YOUTHFUL BRUMA FACIAL 125ML | D38: 594 | E38: AGUSTINA H
C39: YOUTHFUL BRUMA FACIAL 75ML | D39: 970 | E39: AGUSTINA H
C40: LURE GOLD MASK | D40: 450 | E40: NICOLAS M
C41: ALL BEAUTY CREMA ORDEÑE | D41: 600 | E41: JOAQUIN
C42: YOUTHFUL GLOW CREMA DIA | D42: 832 | E42: NICOLAS Y
C43: YOUTHFUL GLOW SERUM RETINOL | D43: 1074 | E43: NICOLAS Y
C44: TCL SERUM HIALURONICO | D44: 154 | E44: NICOLAS Y
C45: DEL ARCA BOTANICA SH FORTALECEDOR | D45: 334 | E45: AGUSTINA H
B46: 46080 | C46: TCL SERUM HIALURONICO | D46: 2100 | E46: NICOLAS Y
C47: TCL SERUM NIACINAMIDA | D47: 1050 | E47: NICOLAS Y
C48: LURE GOLD MASK | D48: 135 | E48: NICOLAS M
C49: TYL AGUA TERMAL | D49: 1170 | E49: AGUSTINA H
C50: ALL BEAUTY CREMA ORDEÑE | D50: 883 | E50: JOAQUIN
C51: ORIGINAL BLACK AFTER SHAVE VIOLETA | D51: 168 | E51: AGUSTINA H
C52: BIOESENCIA BABA CARACOL | D52: 300
B53: FEBRERO | D53: TOTAL MES | E53: =SUM(D3:D52) -> 33039
B55: MARZO 2026
B56: FECHA | C56: PRODUCTO | D56: CANTIDAD | E56: RESPONSABLE
B57: 46083 | C57: TCL SERUM NIOACINAMIDA | D57: 2150 | E57: NICOLAS Y
C58: TCL SERUM HIALURONICO | D58: 380 | E58: NICOLAS Y
C59: TYL AGUA TERMAL | D59: 1742 | E59: AGUSTINA H
C60: TYL SERUM DESCONGESTIVO | D60: 630
C61: BIOESENCIA BABA CARACOL | D61: 913 | E61: NICOLAS M
C62: KALA AGUA DE ROSAS | D62: 642 | E62: JOAQUIN
C63: INTENCIONAL CREMA ORDEÑE | D63: 306 | E63: JOAQUIN
C64: FARMACIA ONCE GEL UNIESFERAS | D64: 648 | E64: NICOLAS M
B65: 46084 | C65: WSABI SERUM TENSOR | D65: 505 | E65: NICOLAS Y
C66: WSABI SERUM INTIMO | D66: 296 | E66: NICOLAS Y
C67: INTENCIONAL CREMA ORDEÑE | D67: 1476 | E67: JOAQUIN
C68: TYL SERUM DESCONGESTIVO | D68: 1470 | E68: AGUSTINA H
C69: TYL SERUM ANTIAGE | D69: 2100 | E69: AGUSTINA H
C70: FARMACIA ONCE GEL UNIESFERAS | D70: 1260 | E70: NICOLAS M
C71: DISNEY ESPUMA DE BAÑO | D71: 200 | E71: NICOLAS M
B72: 46085 | C72: DERMION (FRANCO) SERUM HIALURONICO | D72: 508 | E72: NICOLAS Y
C73: TCL SERUM VIT C | D73: 1000 | E73: NICOLAS Y
C74: HEBURN BRUMA | D74: 532 | E74: AGUSTINA H
C75: DISNEY ESPUMA DE BAÑO | D75: 2685 | E75: NICOLAS M
C76: INTENCIONAL CREMA ORDEÑE | D76: 218 | E76: JOAQUIN
C77: BL COSMETICS ALISADO EXPERT 300GR | D77: 500 | E77: JOAQUIN
C78: BL COSMETICS ALISADO EXPERT 1000GR | D78: 90 | E78: JOAQUIN
B79: 46086 | C79: TCL SERIM VIT C | D79: 2000 | E79: NICOLAS Y
C80: BL COSMETICS ALISADO EXPERT 1000GR | D80: 230 | E80: JOAQUIN
C81: CRISLY AGUA MICELAR | D81: 350 | E81: JOAQUIN
C82: DISNEY SHAMPOO | D82: 2889 | E82: NICOLAS M
C83: CRISLY AGUA MICELAR | D83: 675 | E83: AGUSTINA H
B84: 46087 | C84: TCL SERUM NIACINAMIDA | D84: 350 | E84: NICOLAS Y
C85: TYL SERUM BIFASICO JOJOBA | D85: 1635 | E85: AGUSTINA H
C86: BL ALISADO EXPERT 100GR | D86: 220 | E86: JOAQUIN
C87: BL KERATIN LISS 300GR | D87: 336 | E87: JOAQUIN
B88: 46090 | C88: COSMECEUTICALS REPARADOR DE BOLSAS Y OJERAS | D88: 571 | E88: NICOLAS Y
C89: BL KERATIN LISS 300GR | D89: 667 | E89: JOAQUIN
C90: PROFESSIONAL BEAUTY GEL NEUTRO 500GR | D90: 300 | E90: NICOLAS M
C91: TYL SERUM BIFASICO JOJOBA | D91: 1445 | E91: AGUSTINA H
B92: 46091 | C92: TGF CREMA CLARITE | D92: 1050 | E92: NICOLAS Y
C93: CAV SERUM SHOCK VITAMIN | D93: 349 | E93: NICOLAS Y
C94: TYL SERYM BIFASICO LAVANDA | D94: 1800 | E94: NICOLAS M
C95: PROFESSIONAL BEAUTY GEL NEUTRO 500GR | D95: 204 | E95: JOAQUIN
C96: CAV SHAMPOOO 900ML | D96: 2015 | E96: JOAQUIN
C97: PLANTAE SHAMPOO SOLIDO KARITE | D97: 490 | E97: AGUSTINA H
B98: 46092 | C98: WSABI LECHE DE LIMPIEZA | D98: 498 | E98: NICOLAS Y
C99: WSABI CONTORNO DE OJOS Y LABIOS | D99: 483 | E99: NICOLAS Y
C100: TYL SERYM BIFASICO LAVANDA | D100: 1214 | E100: NICOLAS M
C101: WSABI TONICO | D101: 384 | E101: JOAQUIN
C102: CAV ACONDICIONADOR 900GR | D102: 106 | E102: JOAQUIN
...

Sheet DB
A1: 46023 | B1: 📊 DASHBOARD DE PRODUCTIVIDAD · ACONDICIONAMIENTO · 2026
A2: 46069 | B2: Sistema automático de seguimiento de envasado | Laboratorio Genus | W2: MES | X2: TOTAL | Y2: JOAQUIN | Z2: NICOLAS M | AA2: AGUSTINA H | AB2: NICOLAS Y | AC2: MASIVO | AD2: PREMIUM
A3: 46070 | W3: FEBRERO | X3: =SUMIFS(QACONDDIA!$D$4:$D$52,QACONDDIA!$E$4:$E$52,"<>") -> 30285 | Y3: =SUMIFS(QACONDDIA!$D$4:$D$52,QACONDDIA!$E$4:$E$52,"JOAQUIN") -> 8210 | Z3: =SUMIFS(QACONDDIA!$D$4:$D$52,QACONDDIA!$E$4:$E$52,"NICOLAS M") -> 6113 | AA3: =SUMIFS(QACONDDIA!$D$4:$D$52,QACONDDIA!$E$4:$E$52,"AGUSTINA H") -> 7981 | AB3: =SUMIFS(QACONDDIA!$D$4:$D$52,QACONDDIA!$E$4:$E$52,"NICOLAS Y") -> 7981 | AC3: =Y3+Z3+AA3 -> 22304 | AD3: =AB3 -> 7981
A4: 46105 | B4: ▌ K P I S | W4: MARZO | X4: =SUMIFS(QACONDDIA!$D$56:$D$167,QACONDDIA!$E$56:$E$167,"<>") -> 84203 | Y4: =SUMIFS(QACONDDIA!$D$56:$D$167,QACONDDIA!$E$56:$E$167,"JOAQUIN") -> 13823 | Z4: =SUMIFS(QACONDDIA!$D$56:$D$167,QACONDDIA!$E$56:$E$167,"NICOLAS M") -> 25948 | AA4: =SUMIFS(QACONDDIA!$D$56:$D$167,QACONDDIA!$E$56:$E$167,"AGUSTINA H") -> 14745 | AB4: =SUMIFS(QACONDDIA!$D$56:$D$167,QACONDDIA!$E$56:$E$167,"NICOLAS Y") -> 29687 | AC4: =Y4+Z4+AA4 -> 54516 | AD4: =AB4 -> 29687
A5: 46114 | B5: 📦 | G5: 🏭 | L5: ⭐ | Q5: 📅 | W5: ABRIL | X5: =SUMIFS(QACONDDIA!$D$169:$D$278,QACONDDIA!$E$169:$E$278,"<>") -> 115488 | Y5: =SUMIFS(QACONDDIA!$D$169:$D$278,QACONDDIA!$E$169:$E$278,"JOAQUIN") -> 4848 | Z5: =SUMIFS(QACONDDIA!$D$169:$D$278,QACONDDIA!$E$169:$E$278,"NICOLAS M") -> 23274 | AA5: =SUMIFS(QACONDDIA!$D$169:$D$278,QACONDDIA!$E$169:$E$278,"AGUSTINA H") -> 50145 | AB5: =SUMIFS(QACONDDIA!$D$169:$D$278,QACONDDIA!$E$169:$E$278,"NICOLAS Y") -> 37221 | AC5: =Y5+Z5+AA5 -> 78267 | AD5: =AB5 -> 37221
A6: 46115 | B6: TOTAL ENVASADO | G6: TOTAL MASIVO | L6: TOTAL PREMIUM | Q6: MES MÁS PROD. | W6: MAYO | X6: =SUMIFS(QACONDDIA!$D$281:$D$420,QACONDDIA!$E$281:$E$420,"<>") -> 128099 | Y6: =SUMIFS(QACONDDIA!$D$281:$D$412,QACONDDIA!$E$281:$E$412,"JOAQUIN") -> 24158 | Z6: =SUMIFS(QACONDDIA!$D$281:$D$412,QACONDDIA!$E$281:$E$412,"NICOLAS M") -> 37293 | AA6: =SUMIFS(QACONDDIA!$D$281:$D$412,QACONDDIA!$E$281:$E$412,"AGUSTINA H") -> 31425 | AB6: =SUMIFS(QACONDDIA!$D$281:$D$412,QACONDDIA!$E$281:$E$412,"NICOLAS Y") -> 32007 | AC6: =Y6+Z6+AA6 -> 92876 | AD6: =AB6 -> 32007
A7: 46143 | B7: =X18 -> 462933 | G7: =AC11 -> 321573 | L7: =AD11 -> 136944 | Q7: =X12 -> MAYO | W7: JUNIO | X7: =SUMIFS(QACONDDIA!$D$420:$D$600,QACONDDIA!$E$420:$E$600,"<>") -> 104858 | Y7: =SUMIFS(QACONDDIA!$D$433:$D$600,QACONDDIA!$E$433:$E$600,"JOAQUIN") -> 21778 | Z7: =SUMIFS(QACONDDIA!$D$433:$D$600,QACONDDIA!$E$433:$E$600,"NICOLAS M") -> 22066 | AA7: =SUMIFS(QACONDDIA!$D$433:$D$600,QACONDDIA!$E$433:$E$600,"AGUSTINA H") -> 29766 | AB7: =SUMIFS(QACONDDIA!$D$433:$D$600,QACONDDIA!$E$433:$E$600,"NICOLAS Y") -> 30048 | AC7: =Y7+Z7+AA7 -> 73610 | AD7: =AB7 -> 30048
A8: 46167 | W8: JULIO
A9: 46193 | W9: AGOSTO
A10: 46212 | B10: 💎 | H10: 📊 | O10: 📈
A11: 46251 | B11: % PREMIUM | H11: % MASIVO (C. MASIVO) | O11: PROMEDIO DIARIO | W11: Maximo | X11: =max(X3:X7) -> 128099 | Y11: =SUM(Y3:Y10) -> 72817 | Z11: =SUM(Z3:Z10) -> 114694 | AA11: =SUM(AA3:AA10) -> 134062 | AB11: =SUM(AB3:AB10) -> 136944 | AC11: =SUM(AC3:AC10) -> 321573 | AD11: =SUM(AD3:AD10) -> 136944
A12: 46307 | B12: =IFERROR(AD11/X18,0) -> 0.29581819 | H12: =IFERROR(AC11/X18,0) -> 0.69464264 | O12: =IFERROR(X18/NETWORKDAYS(DATE(2026,1,1),TODAY(),A1:A29),0) -> 4096.7522 | W12: MES_MAX | X12: {=INDEX(W3:W6,MATCH(MAX(X3:X6),X3:X6,0))} -> MAYO
A13: 46346 | W13: JOAQUIN | X13: =Y11 -> 72817
A14: 46364 | W14: NICOLAS M | X14: =Z11 -> 114694
A15: 46381 | W15: AGUSTINA H | X15: =AA11 -> 134062
A16: 46055 | W16: NICOLAS Y | X16: =AB11 -> 136944
A17: 46056 | B17: ▌ INSIGHTS & ALERTAS AUTOMÁTICAS
A18: 46057 | B18: 🏆 MAYOR PRODUCTIVIDAD | I18: ⚠️ MENOR PRODUCTIVIDAD | P18: 📅 MES MÁS PRODUCTIVO | W18: TOTAL | X18: =SUM(X3:X10) -> 462933
A19: 46058 | B19: =IFERROR(IFERROR(IF(AND(Y11>=Z11,Y11>=AA11,Y11>=AB11),"JOAQUIN",IF(AND(Z11>=AA11,Z11>=AB11),"NICOLAS M",IF(AA11>=AB11,"AGUSTINA H","NICOLAS Y"))),"—")&" | "&TEXT(MAX(Y11,Z11,AA11,AB11),"#,##0")&" un.","—") -> NICOLAS Y | 136,944 un. | I19: =IFERROR(IFERROR(IF(AND(Y11<=Z11,Y11<=AA11,Y11<=AB11),"JOAQUIN",IF(AND(Z11<=AA11,Z11<=AB11),"NICOLAS M",IF(AA11<=AB11,"AGUSTINA H","NICOLAS Y"))),"—")&" | "&TEXT(MIN(Y11,Z11,AA11,AB11),"#,##0")&" un.","—") -> JOAQUIN | 72,817 un. | P19: =IFERROR(X12&" | "&TEXT(X11,"#,##0")&" unidades","—") -> MAYO | 128,099 unidades
A20: 46059
A21: 46062
A22: 46063
A23: 46064
A24: 46065 | B24: 📊 PARTICIPACIÓN MASIVO | I24: 💎 PARTICIPACIÓN PREMIUM | P24: 🚨 ALERTA PREMIUM
A25: 46066 | B25: =IFERROR(TEXT(AC11/X18,"0.0%")&" del total | "&TEXT(AC11,"#,##0")&" unidades","—") -> 69.5% del total | 321,573 unidades | I25: =IFERROR(TEXT(AD11/X18,"0.0%")&" del total | "&TEXT(AD11,"#,##0")&" unidades","—") -> 29.6% del total | 136,944 unidades | P25: =IFERROR(IF(AD11/X11<0,15,"⚠️ PREMIUM BAJO < 15% — Revisar asignación","✅ PREMIUM en nivel aceptable"),"—") -> —
A26: 46286
A27: 46363
A28: 46364
A29: 46381
B30: TENDENCIA MENSUAL COMPARATIVA — VARIACIÓN vs MES ANTERIOR
B31: MES | D31: TOTAL UND. | F31: vs ANTERIOR | H31: VAR. % | J31: JOAQUIN | L31: NICOLAS M | N31: AGUSTINA H | P31: NICOLAS Y | R31: TENDENCIA
B32: FEBRERO | D32: =X3 -> 30285 | F32: — | H32: — | J32: =Y3 -> 8210 | L32: =Z3 -> 6113 | N32: =AA3 -> 7981 | P32: =AB3 -> 7981 | R32: —
B33: MARZO | D33: =X4 -> 84203 | F33: =IFERROR(X4-X3,"—") -> 53918 | H33: =IFERROR((X4-X3)/X3,"—") -> 1.7803533 | J33: =Y4 -> 13823 | L33: =Z4 -> 25948 | N33: =AA4 -> 14745 | P33: =AB4 -> 29687 | R33: =IFERROR(IF(X4>X3,"↑ SUBE","↓ BAJA"),"—") -> ↑ SUBE
B34: ABRIL | D34: =X5 -> 115488 | F34: =IFERROR(X5-X4,"—") -> 31285 | H34: =IFERROR((X5-X4)/X4,"—") -> 0.37154258 | J34: =Y5 -> 4848 | L34: =Z5 -> 23274 | N34: =AA5 -> 50145 | P34: =AB5 -> 37221 | R34: =IFERROR(IF(X5>X4,"↑ SUBE","↓ BAJA"),"—") -> ↑ SUBE
B35: MAYO | D35: =X6 -> 128099 | F35: =IFERROR(X6-X5,"—") -> 12611 | H35: =IFERROR((X6-X5)/X5,"—") -> 0.10919749 | J35: =Y6 -> 24158 | L35: =Z6 -> 37293 | N35: =AA6 -> 31425 | P35: =AB6 -> 32007 | R35: =IFERROR(IF(X6>X5,"↑ SUBE","↓ BAJA"),"—") -> ↑ SUBE
B36: JUNIO | D36: =X7 -> 104858 | F36: =IFERROR(X7-X6,"—") -> -23241 | H36: =IFERROR((X7-X6)/X6,"—") -> -0.18142999 | J36: =Y7 -> 21778 | L36: =Z7 -> 22066 | N36: =AA7 -> 29766 | P36: =AB7 -> 30048 | R36: =IFERROR(IF(X7>X6,"↑ SUBE","↓ BAJA"),"—") -> ↓ BAJA
B39: TOTAL ACUM. | D39: =X11 -> 128099 | J39: =Y11 -> 72817 | L39: =Z11 -> 114694 | N39: =AA11 -> 134062 | P39: =AB11 -> 136944
J40: =J39/ SUM(J39:Q39) -> 0.15880982 | L40: =L39/ SUM(J39:S39) -> 0.25014122 | N40: =N39/ SUM(J39:U39) -> 0.29238174 | P40: =P39/ SUM(L39:W39) -> 0.35505315
